DOL English,Mission Statement,Core Values,Products or Services,Industry or Market,Key Achievements,Vision for the Future,Engagement/Call-to-Action (CTA),CEO,Teachers,centers
"Học viện Tiếng Anh Tư Duy
đầu tiên tại Việt NamLinearthinking: Học Tiếng Anh theo logic và bản chất

Nền tảng công nghệ toàn diện và đột phá

Đội ngũ giáo viên giỏi và tận tâm

Chuyên đào tạo IELTS, SAT và Junior cấp 2",To deliver high-quality IELTS and English education using innovative methods such as 'Linear Thinking' while ensuring clear learning outcomes.,Innovation in education through unique teaching methodologies; Dedication to student success and confidence-building; Personalized support and flexibility to cater to individual needs.,"High-quality IELTS preparation courses, including on-site and online options; A proprietary learning platform, Super LMS, for personalized self-learning; Courses designed to improve all English skills, including listening, speaking, reading, and writing, with clear and actionable progress tracking.","Education and Test Preparation, specifically focusing on IELTS and English language learning.",High success rates with students achieving significant improvements in their IELTS scores; Strong testimonials about the effectiveness of the 'Linear Thinking' methodology in enhancing speaking and writing skills.,"To become a leading name in English education, providing effective tools and support to help students achieve their goals confidently and efficiently.","If you’re looking to excel in IELTS or improve your English proficiency, explore their courses and resources on DOL English's official website. Their innovative approach could be the key to your success! For a detailed understanding, visit their site to explore their course offerings, methodologies, and success stories.",Lê Đình Lực. Recognized for innovation in education; Developed Linear Thinking methodology and proprietary tools. Leading the company to global English education; Continues to innovate in teaching methodologies.Education Leadership. Developed award-winning educational tools; Honored as an outstanding entrepreneur in 2023.Pioneer new education tools for diverse student success.Inspire confidence through innovative learning pathways.,"Vy Tô, Khoa Trần, Nhật Linh, Thọ. Dedicated team offering personalized education; Help students excel through the Linear Thinking approach.,Education and Test Preparation, focusing on one-on-one mentorship.,Praised for their student-centric methods; Strong outcomes for students across all skill areas.,Continue advancing teaching excellence while expanding their student success stories.,Personalized mentorship to guide students to achieve their English language goals.","CƠ SỞ TẠI TPHCM (10)

Cơ sở 1: Hẻm 458/14, 3 Tháng 2, P12, Q. 10, TP.HCM

Cơ sở 2: 302 Nguyễn Văn Đậu, P11, Q.Bình Thạnh, TP.HCM

Cơ sở 3: 24A Bàu Cát 2, Tân Bình, P.14, TP.HCM

Xem thêm

CƠ SỞ TẠI HÀ NỘI (2)

Cơ sở 1: Lầu 2, Tòa nhà Gold Tower, 275 Nguyễn Trãi, Thanh Xuân, Hà Nội.

Cơ sở 2: Tầng G, số 158 Phố Chùa Láng, P.Láng Thượng, Q.Đống Đa, Hà Nội

CƠ SỞ TẠI ĐÀ NẴNG (1)

Cơ sở 1: Lầu 3 Toà nhà Thư Dung Plaza, 87 Nguyễn Văn Linh, Quận Hải Châu, Đà Nẵng"
