DOL English,description,Linearthinking,Programs,Gold board,Differential Value at DOL,DOL Highlights,Dol Centers,CEO,Teachers,Linear Comparison with Other Methods,Benefits of Linearthinking for Low Level Learners
"Học viện Tiếng Anh Tư Duy
đầu tiên tại Việt Nam","Linearthinking: Học Tiếng Anh theo logic và bản chất

Nền tảng công nghệ toàn diện và đột phá

Đội ngũ giáo viên giỏi và tận tâm

Chuyên đào tạo IELTS, SAT và Junior cấp 2","Hệ phương pháp tiếng Anh tư duy, logic được tạo ra bởi đội ngũ giáo viên người Việt ở DOL IELTS Đình Lực, giải quyết cụ thể những vấn đề trong việc học tiếng Anh của người Việt.
Được áp dụng vào tất cả các kỹ năng Writing, Speaking, Listening, Reading cũng như việc học Grammar và Vocab.
Khác với khái niệm Linear thinking (Tư Duy Tuyến Tính) hay nghe. Linearthinking là một hệ phương pháp chứ không chỉ đơn thuần là phát triển ý theo lối suy nghĩ tuyến tính, đường thẳng.","IELTS Junior

IELTS cấp tốc

IELTS cơ bản

IELTS nâng cao

IELTS Online

SAT

GMAT/GRE

TOEIC

Phát âm","bang-vang-avatar
Hồ Huy Đức
RMIT University 

8.5

IELTS
Overall
Xem result
bang-vang-avatar
Nguyễn Bảo Vy
THPT Chuyên Trần Đại Nghĩa 

8.5

IELTS
Overall
Xem result
bang-vang-avatar
Thảo Nguyên
THPT Chuyên Lê Hồng Phong 

8.5

IELTS
Overall
Xem result
bang-vang-avatar
Vương Ngân Giang
University of Melbourne, Australia 

8.5

IELTS
Overall
Xem result
bang-vang-avatar
Phạm Hoàng Nam
Phổ Thông Năng Khiếu - ĐHQG TPHCM 

8.0

IELTS
Overall
Xem result
bang-vang-avatar
Nguyễn Trung Kiên
Đại Học Y Khoa Phạm Ngọc Thạch 

8.0

IELTS
Overall","Phương pháp Tư duy Linearthinking

Phương pháp giúp học Tiếng Anh một cách logic và bản chất do DOL sáng tạo ra. Tìm hiểu thêm
linear-certificate-authorlinear-certificate-brand
Tư liệu học tập độc quyền chỉ có tại DOL

Tất cả sách đều do DOL tự lên nội dung và thiết kế theo tư duy riêng. Xem sách của DOL
dol-ielts-4-with-lineardol-ielts-intensive-with-lineardol-ielts-6.5-with-linear
Nền tảng công nghệ toàn diện và đột phá

Assignment

Sample W/S

Online test

Material

Dictation

AI mock test

Vocabulary

Extra roadmap

Exercises

Final test","Sự kiện tiêu biểu của DOL
arrow-icon
Xem tất cả

DOL English đồng hành với Bộ Giáo dục trao thưởng cho học sinh Đoạt giải Olympic và Khoa học Kỹ thuật Quốc tế năm 2023

Là một trong những đối tác chính của Lễ Tuyên dương Học sinh Đoạt giải Olympic và Khoa học Kỹ thuật Quốc tế năm 2023 (do Bộ Giáo dục - Đào tạo tổ chức), DOL English đã trao rất nhiều suất học bổng dành tặng cho toàn bộ các tài năng trẻ với tổng giá trị tài trợ là 3,3 tỷ đồng.

DOL English đồng hành với Bộ Giáo dục trao thưởng cho học sinh Đoạt giải Olympic và Khoa học Kỹ thuật Quốc tế năm 2023
DOL English được Bộ Giáo dục và Đào tạo mời tập huấn cho gần 400 giáo viên tiếng Anh THCS và THPT toàn Thành phố

Vào tháng 10/2024 vừa qua, DOL English đã nhận lời mời từ Trung tâm Phát triển Giáo dục và Đào tạo phía Nam - Bộ Giáo dục và Đào tạo, Tạp chí Giáo dục TP.HCM tập huấn cho gần 400 giáo viên THCS và THPT trên địa bàn TP.HCM với chủ đề “Nâng cao hiệu quả dạy và học tiếng Anh bằng tư duy Linearthinking”.

DOL English được Bộ Giáo dục và Đào tạo mời tập huấn cho gần 400 giáo viên tiếng Anh THCS và THPT toàn Thành phố
Sở GD&ĐT Hà Nội cùng DOL English tập huấn cho gần 200 giáo viên tiếng Anh Phổ thông toàn Thành phố

Sáng 06/08/2024, tại Hội trường Trường THPT chuyên Hà Nội - Amsterdam (số 1 Hoàng Minh Giám, quận Cầu Giấy, Hà Nội), Sở GD&ĐT Hà Nội phối hợp với Báo Giáo dục và Thời đại cùng DOL English tổ chức buổi tập huấn với chủ đề “Nâng cao hiệu quả dạy và học tiếng Anh bằng tư duy Linearthinking” nhằm bồi dưỡng giáo viên tiếng Anh phổ thông Thành phố Hà Nội.

Sở GD&ĐT Hà Nội cùng DOL English tập huấn cho gần 200 giáo viên tiếng Anh Phổ thông toàn Thành phố
DOL ENGLISH - Đơn vị giảng dạy IELTS chính thức của Trường Phổ thông Năng khiếu ĐH Quốc gia TP. HCM

DOL IELTS Đình Lực vinh hạnh được trở thành đơn vị giảng dạy IELTS chính thức của Trường Phổ Thông Năng Khiếu ĐH Quốc Gia TP. HCM. Sở hữu phương pháp Linearthinking độc quyền được cục Sở Hữu Trí Tuệ cấp bằng chứng nhận, DOL giúp các bạn học sinh học IELTS 1 cách tư duy, từ đó tăng điểm thần tốc, tiết kiệm ½ thời gian học so với phương pháp học thông thường.

DOL ENGLISH - Đơn vị giảng dạy IELTS chính thức của Trường Phổ thông Năng khiếu ĐH Quốc gia TP. HCM
DOL English trở thành đối tác của Đại học Sư phạm TP.HCM

Chiều 17/08, trước thềm năm học mới bắt đầu cũng là lúc đánh dấu bước tiến quan trọng trong mối quan hệ hợp tác giữa DOL English - IELTS Đình Lực và Đại học Sư phạm TP.HCM (HCMUE) với việc DOL English trở thành Đối tác chính thức của Đại học Sư phạm.

DOL English trở thành đối tác của Đại học Sư phạm TP.HCM
DOL English trở thành đối tác chiến lược của Khoa Ngoại ngữ, Đại học Kinh tế TP.HCM

Trong ngày 04/07/2024, đại diện DOL English - IELTS Đình Lực đã gặp gỡ đại diện, các thầy cô và các bạn sinh viên của Khoa Ngoại ngữ, Đại học Kinh Tế TP.HCM để ký kết hợp tác chiến lược trong năm học 2024-2025.

Ngày 4/7, DOL chính thức ký kết thoả thuận hợp tác chiến lược cùng Khoa Ngoại ngữ, Đại học Kinh tế TP.HCM.
DOL English- IELTS Đình Lực nằm trong TOP 10 dịch vụ vàng, được nhiều người tin dùng năm 2023.

DOL English nhận giải thưởng ""Top 10 dịch vụ chất lượng vàng vì quyền lợi người tiêu dùng năm 2023"" trong chương trình ""Doanh nhân trí thức tiêu biểu Việt Nam. Hàng Việt tốt- dịch vụ hoàn hảo"" do Viện Kinh tế văn hoá và Trung tâm bảo vệ người tiêu dùng phối hợp tổ chức.

DOL English- IELTS Đình Lực nằm trong TOP 10 dịch vụ vàng, được nhiều người tin dùng năm 2023.
Linearthinking lan toả đến THPT chuyên Lê Hồng Phong với workshop “LHPers chinh phục 8.0+ IELTS cùng hệ phương pháp Linearthinking”

Ngày 9/11, các bạn học sinh THPT chuyên Lê Hồng Phong đã có cơ hội được làm quen với Linearthinking - hệ phương pháp học tiếng Anh tư duy độc quyền tại DOL English - IELTS Đình Lực thông qua workshop “LHPers chinh phục 8.0+ IELTS cùng hệ phương pháp Linearthinking” thú vị và hấp dẫn.","CƠ SỞ TẠI TPHCM (10)

Cơ sở 1: Hẻm 458/14, 3 Tháng 2, P12, Q. 10, TP.HCM

Cơ sở 2: 302 Nguyễn Văn Đậu, P11, Q.Bình Thạnh, TP.HCM

Cơ sở 3: 24A Bàu Cát 2, Tân Bình, P.14, TP.HCM

Cơ sở 4: 456 Nguyễn Thị Thập, P.Tân Quy, Q.7, TP.HCM

Cơ sở 5: 95-97 Đường số 3, Khu Cityland Park Hills, P10, Gò Vấp, TP.HCM (đối diện Lotte Mart)

Cơ sở 6: Tầng 4 - 25B Lê Văn Việt, Phường Hiệp Phú, Thành Phố Thủ Đức (sát Vincom Plaza), TP.HCM

Cơ sở 7: 16 Đường số 3, P.11, Q.6 (sát bệnh viện quận 6, cổng đường Chợ Lớn), TP.HCM

Cơ sở 8: 24/1 Võ Oanh (D3), Bình Thạnh, P.25, TP.HCM

Cơ sở 9: 38/6 Nguyễn Văn Trỗi, Phường 15, Quận Phú Nhuận, TPHCM.

Cơ sở 10: 9A Tô Vĩnh Diện, Phường Linh Chiểu, Thành Phố Thủ Đức, TPHCM.

Thu gọn

CƠ SỞ TẠI HÀ NỘI (2)

Cơ sở 1: Lầu 2, Tòa nhà Gold Tower, 275 Nguyễn Trãi, Thanh Xuân, Hà Nội.

Cơ sở 2: Tầng G, số 158 Phố Chùa Láng, P.Láng Thượng, Q.Đống Đa, Hà Nội

CƠ SỞ TẠI ĐÀ NẴNG (1)

Cơ sở 1: Lầu 3 Toà nhà Thư Dung Plaza, 87 Nguyễn Văn Linh, Quận Hải Châu, Đà Nẵng",Lê Đình Lực. Recognized for innovation in education; Developed Linear Thinking methodology and proprietary tools. Leading the company to global English education; Continues to innovate in teaching methodologies.Education Leadership. Developed award-winning educational tools; Honored as an outstanding entrepreneur in 2023.Pioneer new education tools for diverse student success.Inspire confidence through innovative learning pathways.,"Trần Giang Thanh avatar
Trần Giang Thanh

Hà Đặng Như Quỳnh avatar
Hà Đặng Như Quỳnh

Trần Anh Khoa avatar
Trần Anh Khoa

Nguyễn Bá Thọ avatar
Nguyễn Bá Thọ

Từ Kim Loan avatar
Từ Kim Loan

Võ Đình Phúc avatar
Võ Đình Phúc

Dương Hoàng Anh Nhật avatar
Dương Hoàng Anh Nhật

Đặng Lê Phương Uyên avatar
Đặng Lê Phương Uyên

Tô Ngọc Vy avatar
Tô Ngọc Vy

Trần Thiện Minh avatar
Trần Thiện Minh

Phạm Huy Hùng avatar
Phạm Huy Hùng

Nguyễn Tố Nga avatar
Nguyễn Tố Nga","Linearthinking có nhiều điểm khác biệt và cải tiến so với phương pháp học tích luỹ truyền thống và phương pháp học du nhập từ nước ngoài. Cùng nhìn thử vào bảng so sánh dưới đây nhé:

Linearthinking

✅ Đưa ra lộ trình học hợp lí cho từng level, biết mỗi level cần tập trung vào cái gì nhất ➔ giúp rút ngắn thời gian học, giúp học viên tiến bộ nhanh hơn

✅ Bài tập mang tính ứng dụng cao hơn thay vì chỉ dạy lý thuyết suông ➔ Giúp học viên áp dụng tốt hơn vào các kĩ năng Reading, dụng tốt hơn vào các kĩ năng Reading,

✅ Phù hợp với mọi đối tượng.

✅ Tỉ lệ chính xác cao hơn, giúp học viên giỏi thực chất và tăng tư duy. Ngoài việc học IELTS, Linearthinking còn giúp tăng khả năng nghe nói đọc viết trong công việc và việc học nói chung. 

Cách học tích luỹ truyền thống

❌ Tiếp thu kiến thức một cách ngẫu nhiên, từ từ, thiếu tính hệ thống và tư duy

❌ Chỉ phù hợp với một bộ phận đối tượng có vốn kiến thức nền (từ vựng và ngữ pháp) vững.

❌ Hình thành thói quen chỉ đọc lướt đi tìm từ khoá mà không thật sự hiểu nội dung văn bản nói gì.","Với học viên level thấp (từ 6.0 trở xuống), lợi ích lớn nhất của Linearthinking chính là giúp học viên xây dựng kiến thức nền tốt (build a good foundation). Cụ thể, Linearthinking giúp học viên ở Level này:

Giảm sự phụ thuộc vào vocab cho Reading/ Listening: Biết cách phân tích cấu trúc một câu khi nghe/đọc, biết đọc mối liên hệ giữa các câu để đoán từ vựng và tóm tắt được ngay nội dung đoạn sau khi đọc.
Hiểu rõ về cấu trúc một câu và biết cách viết/ nói một câu luôn đúng: Biết một câu được cấu tạo từ những thành phần nào, phải kết hợp những thành phần đó ra sao để tạo thành một câu luôn đúng.
Tăng khả năng tư duy logic khi học tiếng Anh: Hiểu được bản chất việc học tiếng Anh phải bắt đầu từ đâu và đi theo một lộ trình cụ thể, rõ ràng như thế nào."
